{
    "METABOLOMICS WORKBENCH": {
        "HEADER": "#METABOLOMICS WORKBENCH STUDY_ID:ST000000 ANALYSIS_ID:AN000000",
        "STUDY_ID": "ST000000",
        "ANALYSIS_ID": "AN000000",
        "VERSION": "1",
        "CREATED_ON": "2019-03-06"
    },
    "PROJECT": {
        "PROJECT_TITLE": "P4HA1 knockdown in the breast cell line MDA231",
        "PROJECT_SUMMARY": "Determine the effect of knocking down P4HA1 in the MDA231 cell line (including alterations to metabolic pathways).",
        "INSTITUTE": "University of Kentucky",
        "DEPARTMENT": "Markey Cancer Center",
        "LAST_NAME": "Xu",
        "FIRST_NAME": "Ren",
        "ADDRESS": "BBSRC361, 741 South Limestone, Lexington, KY 40536, USA",
        "EMAIL": "ren.xu2010@uky.edu",
        "PHONE": "000-000-0000"
    },
    "STUDY": {
        "STUDY_TITLE": "P4HA1 knockdown in the breast cell line MDA231",
        "STUDY_TYPE": "isotope tracer",
        "STUDY_SUMMARY": "control versus knockdown",
        "INSTITUTE": "University of Kentucky",
        "DEPARTMENT": "Markey Cancer Center",
        "LAST_NAME": "Xiong",
        "FIRST_NAME": "Gaofeng",
        "ADDRESS": "BBSRC361, 741 South Limestone, Lexington, KY 40536, USA",
        "EMAIL": "gaofeng.xiong@uky.edu",
        "PHONE": "000-000-0000",
        "STUDY_COMMENTS": "For additional comments about the study, like listing a publication."
    },
    "SUBJECT": {
        "SUBJECT_TYPE": "Human",
        "SUBJECT_SPECIES": "Homo sapiens",
        "TAXONOMY_ID": "9606"
    },
    "SUBJECT_SAMPLE_FACTORS": {
        "SUBJECT_SAMPLE_FACTORS": [
            {
                "subject_type": "-",
                "local_sample_id": "5_MDA231_13CGlc_shP4HA1_rep1-cells-polar_NMR_A",
                "factors": "protocol.id:13CGlc_shP4HA1",
                "additional_sample_data": "lineage_1=5_MDA231_13CGlc_shP4HA1_rep1; cell_type=MDA231; protocol.id=13CGlc_shP4HA1; replicate=1; species=Homo sapiens; species_type=Human; taxonomy_id=9606; lineage_2=5_MDA231_13CGlc_shP4HA1_rep1-cells; cell_type=MDA231; protocol.id=cell_quench_collection; lineage_3=5_MDA231_13CGlc_shP4HA1_rep1-cells-polar_NMR_A; protocol.id=['polar_extraction', 'NMR_file_storage5']; replicate=1; replicate%type=analytical; sample_split_ratio=0.31159147869674186; type=polar; weight=0.4973000000000001; weight%units=g; lineage_4=5_MDA231_13CGlc_shP4HA1_rep1-cells-protein; dry_weight=0.0006999999999999229; dry_weight%units=g; protein_weight=0.48300000000000004; protein_weight%units=mg; protocol.id=protein_extraction; type=protein"
            },
            {
                "subject_type": "-",
                "local_sample_id": "1_MDA231_12CGlc_shCTL_rep1-cells-polar_NMR_A",
                "factors": "protocol.id:12CGlc_shCTL",
                "additional_sample_data": "lineage_1=1_MDA231_12CGlc_shCTL_rep1; cell_type=MDA231; protocol.id=12CGlc_shCTL; replicate=1; species=Homo sapiens; species_type=Human; taxonomy_id=9606; lineage_2=1_MDA231_12CGlc_shCTL_rep1-cells; cell_type=MDA231; protocol.id=cell_quench_collection; lineage_3=1_MDA231_12CGlc_shCTL_rep1-cells-polar_NMR_A; protocol.id=['polar_extraction', 'NMR_file_storage1']; replicate=1; replicate%type=analytical; sample_split_ratio=0.3314398469265725; type=polar; weight=0.5542999999999998; weight%units=g; lineage_4=1_MDA231_12CGlc_shCTL_rep1-cells-protein; dry_weight=0.00039999999999995595; dry_weight%units=g; protein_weight=0.3296; protein_weight%units=mg; protocol.id=protein_extraction; type=protein"
            },
            {
                "subject_type": "-",
                "local_sample_id": "2_MDA231_13CGlc_shCTL_rep1-cells-polar_NMR_A",
                "factors": "protocol.id:13CGlc_shCTL",
                "additional_sample_data": "lineage_1=2_MDA231_13CGlc_shCTL_rep1; cell_type=MDA231; protocol.id=13CGlc_shCTL; replicate=1; species=Homo sapiens; species_type=Human; taxonomy_id=9606; lineage_2=2_MDA231_13CGlc_shCTL_rep1-cells; cell_type=MDA231; protocol.id=cell_quench_collection; lineage_3=2_MDA231_13CGlc_shCTL_rep1-cells-polar_NMR_A; protocol.id=['polar_extraction', 'NMR_file_storage2']; replicate=1; replicate%type=analytical; sample_split_ratio=0.3151500571359835; type=polar; weight=0.524; weight%units=g; lineage_4=2_MDA231_13CGlc_shCTL_rep1-cells-protein; dry_weight=0.00039999999999995595; dry_weight%units=g; protein_weight=0.2752; protein_weight%units=mg; protocol.id=protein_extraction; type=protein"
            },
            {
                "subject_type": "-",
                "local_sample_id": "3_MDA231_13CGlc_shCTL_rep2-cells-polar_NMR_A",
                "factors": "protocol.id:13CGlc_shCTL",
                "additional_sample_data": "lineage_1=3_MDA231_13CGlc_shCTL_rep2; cell_type=MDA231; protocol.id=13CGlc_shCTL; replicate=2; species=Homo sapiens; species_type=Human; taxonomy_id=9606; lineage_2=3_MDA231_13CGlc_shCTL_rep2-cells; cell_type=MDA231; protocol.id=cell_quench_collection; lineage_3=3_MDA231_13CGlc_shCTL_rep2-cells-polar_NMR_A; protocol.id=['polar_extraction', 'NMR_file_storage3']; replicate=1; replicate%type=analytical; sample_split_ratio=0.31763800047382157; type=polar; weight=0.5363; weight%units=g; lineage_4=3_MDA231_13CGlc_shCTL_rep2-cells-protein; dry_weight=0.000500000000000167; dry_weight%units=g; protein_weight=0.35200000000000004; protein_weight%units=mg; protocol.id=protein_extraction; type=protein"
            },
            {
                "subject_type": "-",
                "local_sample_id": "4_MDA231_12CGlc_shP4HA1_rep1-cells-polar_NMR_A",
                "factors": "protocol.id:12CGlc_shP4HA1",
                "additional_sample_data": "lineage_1=4_MDA231_12CGlc_shP4HA1_rep1; cell_type=MDA231; protocol.id=12CGlc_shP4HA1; replicate=1; species=Homo sapiens; species_type=Human; taxonomy_id=9606; lineage_2=4_MDA231_12CGlc_shP4HA1_rep1-cells; cell_type=MDA231; protocol.id=cell_quench_collection; lineage_3=4_MDA231_12CGlc_shP4HA1_rep1-cells-polar_NMR_A; protocol.id=['polar_extraction', 'NMR_file_storage4']; replicate=1; replicate%type=analytical; sample_split_ratio=0.31238390092879265; type=polar; weight=0.5045000000000002; weight%units=g; lineage_4=4_MDA231_12CGlc_shP4HA1_rep1-cells-protein; dry_weight=0.000700000000000145; dry_weight%units=g; protein_weight=0.5268; protein_weight%units=mg; protocol.id=protein_extraction; type=protein"
            },
            {
                "subject_type": "-",
                "local_sample_id": "6_MDA231_13CGlc_shP4HA1_rep2-cells-polar_NMR_A",
                "factors": "protocol.id:13CGlc_shP4HA1",
                "additional_sample_data": "lineage_1=6_MDA231_13CGlc_shP4HA1_rep2; cell_type=MDA231; protocol.id=13CGlc_shP4HA1; replicate=2; species=Homo sapiens; species_type=Human; taxonomy_id=9606; lineage_2=6_MDA231_13CGlc_shP4HA1_rep2-cells; cell_type=MDA231; protocol.id=cell_quench_collection; lineage_3=6_MDA231_13CGlc_shP4HA1_rep2-cells-polar_NMR_A; protocol.id=['polar_extraction', 'NMR_file_storage6']; replicate=1; replicate%type=analytical; sample_split_ratio=0.29163071613459896; type=polar; weight=0.47320000000000007; weight%units=g; lineage_4=6_MDA231_13CGlc_shP4HA1_rep2-cells-protein; dry_weight=0.0005999999999999339; dry_weight%units=g; protein_weight=0.45480000000000004; protein_weight%units=mg; protocol.id=protein_extraction; type=protein"
            }
        ]
    },
    "COLLECTION": {
        "COLLECTION_SUMMARY": "Collection and quench of cells in culture",
        "COLLECTION_PROTOCOL_ID": "cell_quench_collection",
        "COLLECTION_PROTOCOL_FILENAME": "3A_Cells_Quench_Cell_Fan_20170412.pdf",
        "SAMPLE_TYPE": "cultured cells"
    },
    "TREATMENT": {
        "TREATMENT_SUMMARY": "Cells grown in unlabeled glucose and infected with empty vector.\nCells grown in unlabeled glucose and infected with shP4HA1 lentivirus.\nCells grown in labeled glucose and infected with empty vector.\nCells grown in labeled glucose and infected with shP4HA1 lentivirus.",
        "TREATMENT_PROTOCOL_ID": "12CGlc_shCTL\n12CGlc_shP4HA1\n13CGlc_shCTL\n13CGlc_shP4HA1"
    },
    "SAMPLEPREP": {
        "SAMPLEPREP_SUMMARY": "Polar extraction from cells.\nProtein extraction and quantification.",
        "SAMPLEPREP_PROTOCOL_ID": "polar_extraction\nprotein_extraction",
        "SAMPLEPREP_PROTOCOL_FILENAME": "4B_Extract_Polar_Lipid_Prot_Fan_070417.pdf\n['4D_17Jun4_Fan_Prot_Quant.pdf', '4B_Extract_Polar_Lipid_Prot_Fan_070417.pdf']"
    },
    "ANALYSIS": {
        "ANALYSIS_TYPE": "NMR"
    },
    "NMR": {
        "INSTRUMENT_NAME": "Agilent 600",
        "INSTRUMENT_TYPE": "Agilent 600",
        "NMR_EXPERIMENT_TYPE": "HC-HSQC",
        "STANDARD_CONCENTRATION": "0.5 mM",
        "SPECTROMETER_FREQUENCY": "600 MHz",
        "NMR_PROBE": "cryogenic triple resonance HCN",
        "NMR_SOLVENT": "D20",
        "NMR_TUBE_SIZE": "1.7 mm",
        "SHIMMING_METHOD": "gradient shimming",
        "PULSE_SEQUENCE": "gHSQCAD",
        "WATER_SUPPRESSION": "presaturation",
        "CHEMICAL_SHIFT_REF_CPD": "DSS",
        "TEMPERATURE": "15 celsius",
        "ACQUISITION_TIME": "2 s",
        "RELAXATION_DELAY": "4 s",
        "BASELINE_CORRECTION_METHOD": "Bernstein Polynomial"
    },
    "NMR_METABOLITE_DATA": {
        "NMR_METABOLITE_DATA:UNITS": "normalized peak area",
        "NMR_METABOLITE_DATA_START": {
            "Samples": [
                "5_MDA231_13CGlc_shP4HA1_rep1-cells-polar_NMR_A",
                "1_MDA231_12CGlc_shCTL_rep1-cells-polar_NMR_A",
                "2_MDA231_13CGlc_shCTL_rep1-cells-polar_NMR_A",
                "3_MDA231_13CGlc_shCTL_rep2-cells-polar_NMR_A",
                "4_MDA231_12CGlc_shP4HA1_rep1-cells-polar_NMR_A",
                "6_MDA231_13CGlc_shP4HA1_rep2-cells-polar_NMR_A"
            ],
            "Factors": [
                "protocol.id:13CGlc_shP4HA1",
                "protocol.id:12CGlc_shCTL",
                "protocol.id:13CGlc_shCTL",
                "protocol.id:13CGlc_shCTL",
                "protocol.id:12CGlc_shP4HA1",
                "protocol.id:13CGlc_shP4HA1"
            ],
            "DATA": [
                {
                    "metabolite_name": "Ace-2_1",
                    "5_MDA231_13CGlc_shP4HA1_rep1-cells-polar_NMR_A": "13.86567384927866",
                    "1_MDA231_12CGlc_shCTL_rep1-cells-polar_NMR_A": "",
                    "2_MDA231_13CGlc_shCTL_rep1-cells-polar_NMR_A": "",
                    "3_MDA231_13CGlc_shCTL_rep2-cells-polar_NMR_A": "",
                    "4_MDA231_12CGlc_shP4HA1_rep1-cells-polar_NMR_A": "",
                    "6_MDA231_13CGlc_shP4HA1_rep2-cells-polar_NMR_A": ""
                },
                {
                    "metabolite_name": "DSS_1",
                    "5_MDA231_13CGlc_shP4HA1_rep1-cells-polar_NMR_A": "2.993973323232131",
                    "1_MDA231_12CGlc_shCTL_rep1-cells-polar_NMR_A": "3.923280925848733",
                    "2_MDA231_13CGlc_shCTL_rep1-cells-polar_NMR_A": "3.662735032726425",
                    "3_MDA231_13CGlc_shCTL_rep2-cells-polar_NMR_A": "3.230737338748097",
                    "4_MDA231_12CGlc_shP4HA1_rep1-cells-polar_NMR_A": "2.039077325082511",
                    "6_MDA231_13CGlc_shP4HA1_rep2-cells-polar_NMR_A": "2.675051772551988"
                },
                {
                    "metabolite_name": "GSH+GSSG-3_1",
                    "5_MDA231_13CGlc_shP4HA1_rep1-cells-polar_NMR_A": "",
                    "1_MDA231_12CGlc_shCTL_rep1-cells-polar_NMR_A": "",
                    "2_MDA231_13CGlc_shCTL_rep1-cells-polar_NMR_A": "",
                    "3_MDA231_13CGlc_shCTL_rep2-cells-polar_NMR_A": "49.42242607429352",
                    "4_MDA231_12CGlc_shP4HA1_rep1-cells-polar_NMR_A": "",
                    "6_MDA231_13CGlc_shP4HA1_rep2-cells-polar_NMR_A": ""
                },
                {
                    "metabolite_name": "GSH+GSSG-4_1",
                    "5_MDA231_13CGlc_shP4HA1_rep1-cells-polar_NMR_A": "22.92435991410128",
                    "1_MDA231_12CGlc_shCTL_rep1-cells-polar_NMR_A": "",
                    "2_MDA231_13CGlc_shCTL_rep1-cells-polar_NMR_A": "28.24920900884295",
                    "3_MDA231_13CGlc_shCTL_rep2-cells-polar_NMR_A": "20.23889256218519",
                    "4_MDA231_12CGlc_shP4HA1_rep1-cells-polar_NMR_A": "",
                    "6_MDA231_13CGlc_shP4HA1_rep2-cells-polar_NMR_A": "17.51391888179675"
                },
                {
                    "metabolite_name": "Gln+Glu-2_1",
                    "5_MDA231_13CGlc_shP4HA1_rep1-cells-polar_NMR_A": "389.108696518817",
                    "1_MDA231_12CGlc_shCTL_rep1-cells-polar_NMR_A": "",
                    "2_MDA231_13CGlc_shCTL_rep1-cells-polar_NMR_A": "113.3927680148892",
                    "3_MDA231_13CGlc_shCTL_rep2-cells-polar_NMR_A": "184.176265492684",
                    "4_MDA231_12CGlc_shP4HA1_rep1-cells-polar_NMR_A": "",
                    "6_MDA231_13CGlc_shP4HA1_rep2-cells-polar_NMR_A": "326.0173154934678"
                },
                {
                    "metabolite_name": "Gln-3_1",
                    "5_MDA231_13CGlc_shP4HA1_rep1-cells-polar_NMR_A": "",
                    "1_MDA231_12CGlc_shCTL_rep1-cells-polar_NMR_A": "",
                    "2_MDA231_13CGlc_shCTL_rep1-cells-polar_NMR_A": "58.18982703043441",
                    "3_MDA231_13CGlc_shCTL_rep2-cells-polar_NMR_A": "",
                    "4_MDA231_12CGlc_shP4HA1_rep1-cells-polar_NMR_A": "",
                    "6_MDA231_13CGlc_shP4HA1_rep2-cells-polar_NMR_A": ""
                },
                {
                    "metabolite_name": "Glu-3-a_1",
                    "5_MDA231_13CGlc_shP4HA1_rep1-cells-polar_NMR_A": "47.60262341747894",
                    "1_MDA231_12CGlc_shCTL_rep1-cells-polar_NMR_A": "",
                    "2_MDA231_13CGlc_shCTL_rep1-cells-polar_NMR_A": "18.56837948036682",
                    "3_MDA231_13CGlc_shCTL_rep2-cells-polar_NMR_A": "24.32404855295212",
                    "4_MDA231_12CGlc_shP4HA1_rep1-cells-polar_NMR_A": "",
                    "6_MDA231_13CGlc_shP4HA1_rep2-cells-polar_NMR_A": "247.7132314605923"
                },
                {
                    "metabolite_name": "Glu-3-a_2",
                    "5_MDA231_13CGlc_shP4HA1_rep1-cells-polar_NMR_A": "258.4189843793841",
                    "1_MDA231_12CGlc_shCTL_rep1-cells-polar_NMR_A": "",
                    "2_MDA231_13CGlc_shCTL_rep1-cells-polar_NMR_A": "137.6919245236127",
                    "3_MDA231_13CGlc_shCTL_rep2-cells-polar_NMR_A": "181.4169293936745",
                    "4_MDA231_12CGlc_shP4HA1_rep1-cells-polar_NMR_A": "",
                    "6_MDA231_13CGlc_shP4HA1_rep2-cells-polar_NMR_A": ""
                },
                {
                    "metabolite_name": "Glu-4_1",
                    "5_MDA231_13CGlc_shP4HA1_rep1-cells-polar_NMR_A": "163.434589421938",
                    "1_MDA231_12CGlc_shCTL_rep1-cells-polar_NMR_A": "",
                    "2_MDA231_13CGlc_shCTL_rep1-cells-polar_NMR_A": "85.59513444487297",
                    "3_MDA231_13CGlc_shCTL_rep2-cells-polar_NMR_A": "90.39905123921214",
                    "4_MDA231_12CGlc_shP4HA1_rep1-cells-polar_NMR_A": "",
                    "6_MDA231_13CGlc_shP4HA1_rep2-cells-polar_NMR_A": "143.8358409376889"
                },
                {
                    "metabolite_name": "Gly_1",
                    "5_MDA231_13CGlc_shP4HA1_rep1-cells-polar_NMR_A": "",
                    "1_MDA231_12CGlc_shCTL_rep1-cells-polar_NMR_A": "",
                    "2_MDA231_13CGlc_shCTL_rep1-cells-polar_NMR_A": "10.50267458986398",
                    "3_MDA231_13CGlc_shCTL_rep2-cells-polar_NMR_A": "10.65395003254826",
                    "4_MDA231_12CGlc_shP4HA1_rep1-cells-polar_NMR_A": "",
                    "6_MDA231_13CGlc_shP4HA1_rep2-cells-polar_NMR_A": ""
                },
                {
                    "metabolite_name": "Lac-2_1",
                    "5_MDA231_13CGlc_shP4HA1_rep1-cells-polar_NMR_A": "198.4857894776004",
                    "1_MDA231_12CGlc_shCTL_rep1-cells-polar_NMR_A": "",
                    "2_MDA231_13CGlc_shCTL_rep1-cells-polar_NMR_A": "132.8215152115316",
                    "3_MDA231_13CGlc_shCTL_rep2-cells-polar_NMR_A": "48.16111944516683",
                    "4_MDA231_12CGlc_shP4HA1_rep1-cells-polar_NMR_A": "",
                    "6_MDA231_13CGlc_shP4HA1_rep2-cells-polar_NMR_A": "156.5294362607614"
                },
                {
                    "metabolite_name": "Lac-2_2",
                    "5_MDA231_13CGlc_shP4HA1_rep1-cells-polar_NMR_A": "",
                    "1_MDA231_12CGlc_shCTL_rep1-cells-polar_NMR_A": "",
                    "2_MDA231_13CGlc_shCTL_rep1-cells-polar_NMR_A": "",
                    "3_MDA231_13CGlc_shCTL_rep2-cells-polar_NMR_A": "107.30437750385",
                    "4_MDA231_12CGlc_shP4HA1_rep1-cells-polar_NMR_A": "",
                    "6_MDA231_13CGlc_shP4HA1_rep2-cells-polar_NMR_A": ""
                },
                {
                    "metabolite_name": "Lac-3_1",
                    "5_MDA231_13CGlc_shP4HA1_rep1-cells-polar_NMR_A": "339.8757656500873",
                    "1_MDA231_12CGlc_shCTL_rep1-cells-polar_NMR_A": "8.030732786111274",
                    "2_MDA231_13CGlc_shCTL_rep1-cells-polar_NMR_A": "157.4350046887972",
                    "3_MDA231_13CGlc_shCTL_rep2-cells-polar_NMR_A": "171.2432405494318",
                    "4_MDA231_12CGlc_shP4HA1_rep1-cells-polar_NMR_A": "8.370124389223907",
                    "6_MDA231_13CGlc_shP4HA1_rep2-cells-polar_NMR_A": "268.0564963079452"
                },
                {
                    "metabolite_name": "Lac-3_2",
                    "5_MDA231_13CGlc_shP4HA1_rep1-cells-polar_NMR_A": "179.3577200668333",
                    "1_MDA231_12CGlc_shCTL_rep1-cells-polar_NMR_A": "",
                    "2_MDA231_13CGlc_shCTL_rep1-cells-polar_NMR_A": "148.7011434129865",
                    "3_MDA231_13CGlc_shCTL_rep2-cells-polar_NMR_A": "176.8739090488155",
                    "4_MDA231_12CGlc_shP4HA1_rep1-cells-polar_NMR_A": "",
                    "6_MDA231_13CGlc_shP4HA1_rep2-cells-polar_NMR_A": "164.8390387991776"
                },
                {
                    "metabolite_name": "Met-CH3_1",
                    "5_MDA231_13CGlc_shP4HA1_rep1-cells-polar_NMR_A": "80.44955826928394",
                    "1_MDA231_12CGlc_shCTL_rep1-cells-polar_NMR_A": "",
                    "2_MDA231_13CGlc_shCTL_rep1-cells-polar_NMR_A": "",
                    "3_MDA231_13CGlc_shCTL_rep2-cells-polar_NMR_A": "",
                    "4_MDA231_12CGlc_shP4HA1_rep1-cells-polar_NMR_A": "",
                    "6_MDA231_13CGlc_shP4HA1_rep2-cells-polar_NMR_A": "47.33441827808601"
                },
                {
                    "metabolite_name": "NAD+-A1'_1",
                    "5_MDA231_13CGlc_shP4HA1_rep1-cells-polar_NMR_A": "27.36968110459474",
                    "1_MDA231_12CGlc_shCTL_rep1-cells-polar_NMR_A": "",
                    "2_MDA231_13CGlc_shCTL_rep1-cells-polar_NMR_A": "27.36968110459474",
                    "3_MDA231_13CGlc_shCTL_rep2-cells-polar_NMR_A": "27.36968110459474",
                    "4_MDA231_12CGlc_shP4HA1_rep1-cells-polar_NMR_A": "27.36968110459474",
                    "6_MDA231_13CGlc_shP4HA1_rep2-cells-polar_NMR_A": "27.36968110459474"
                },
                {
                    "metabolite_name": "NAD+-N1'_1",
                    "5_MDA231_13CGlc_shP4HA1_rep1-cells-polar_NMR_A": "28.83672059752494",
                    "1_MDA231_12CGlc_shCTL_rep1-cells-polar_NMR_A": "",
                    "2_MDA231_13CGlc_shCTL_rep1-cells-polar_NMR_A": "28.83672059752494",
                    "3_MDA231_13CGlc_shCTL_rep2-cells-polar_NMR_A": "28.83672059752494",
                    "4_MDA231_12CGlc_shP4HA1_rep1-cells-polar_NMR_A": "28.83672059752494",
                    "6_MDA231_13CGlc_shP4HA1_rep2-cells-polar_NMR_A": "28.83672059752494"
                },
                {
                    "metabolite_name": "NAD+-N1'_2",
                    "5_MDA231_13CGlc_shP4HA1_rep1-cells-polar_NMR_A": "30.50110134271325",
                    "1_MDA231_12CGlc_shCTL_rep1-cells-polar_NMR_A": "",
                    "2_MDA231_13CGlc_shCTL_rep1-cells-polar_NMR_A": "",
                    "3_MDA231_13CGlc_shCTL_rep2-cells-polar_NMR_A": "22.41662100640782",
                    "4_MDA231_12CGlc_shP4HA1_rep1-cells-polar_NMR_A": "",
                    "6_MDA231_13CGlc_shP4HA1_rep2-cells-polar_NMR_A": ""
                },
                {
                    "metabolite_name": "P-Cho A_1",
                    "5_MDA231_13CGlc_shP4HA1_rep1-cells-polar_NMR_A": "11.96168920420974",
                    "1_MDA231_12CGlc_shCTL_rep1-cells-polar_NMR_A": "10.45624318537859",
                    "2_MDA231_13CGlc_shCTL_rep1-cells-polar_NMR_A": "9.023728304079002",
                    "3_MDA231_13CGlc_shCTL_rep2-cells-polar_NMR_A": "10.99554660556525",
                    "4_MDA231_12CGlc_shP4HA1_rep1-cells-polar_NMR_A": "",
                    "6_MDA231_13CGlc_shP4HA1_rep2-cells-polar_NMR_A": "11.71655100758521"
                },
                {
                    "metabolite_name": "Tau-2 (NCH2)_1",
                    "5_MDA231_13CGlc_shP4HA1_rep1-cells-polar_NMR_A": "32.25512330083715",
                    "1_MDA231_12CGlc_shCTL_rep1-cells-polar_NMR_A": "",
                    "2_MDA231_13CGlc_shCTL_rep1-cells-polar_NMR_A": "",
                    "3_MDA231_13CGlc_shCTL_rep2-cells-polar_NMR_A": "23.02086530190449",
                    "4_MDA231_12CGlc_shP4HA1_rep1-cells-polar_NMR_A": "",
                    "6_MDA231_13CGlc_shP4HA1_rep2-cells-polar_NMR_A": ""
                },
                {
                    "metabolite_name": "UXP-1'_1",
                    "5_MDA231_13CGlc_shP4HA1_rep1-cells-polar_NMR_A": "43.96301004047316",
                    "1_MDA231_12CGlc_shCTL_rep1-cells-polar_NMR_A": "",
                    "2_MDA231_13CGlc_shCTL_rep1-cells-polar_NMR_A": "32.3712812663861",
                    "3_MDA231_13CGlc_shCTL_rep2-cells-polar_NMR_A": "32.3712812663861",
                    "4_MDA231_12CGlc_shP4HA1_rep1-cells-polar_NMR_A": "32.3712812663861",
                    "6_MDA231_13CGlc_shP4HA1_rep2-cells-polar_NMR_A": "46.20524089383261"
                },
                {
                    "metabolite_name": "UXP-1'_2",
                    "5_MDA231_13CGlc_shP4HA1_rep1-cells-polar_NMR_A": "32.3712812663861",
                    "1_MDA231_12CGlc_shCTL_rep1-cells-polar_NMR_A": "",
                    "2_MDA231_13CGlc_shCTL_rep1-cells-polar_NMR_A": "",
                    "3_MDA231_13CGlc_shCTL_rep2-cells-polar_NMR_A": "29.33052675010022",
                    "4_MDA231_12CGlc_shP4HA1_rep1-cells-polar_NMR_A": "",
                    "6_MDA231_13CGlc_shP4HA1_rep2-cells-polar_NMR_A": "32.3712812663861"
                },
                {
                    "metabolite_name": "aGlc_1",
                    "5_MDA231_13CGlc_shP4HA1_rep1-cells-polar_NMR_A": "",
                    "1_MDA231_12CGlc_shCTL_rep1-cells-polar_NMR_A": "",
                    "2_MDA231_13CGlc_shCTL_rep1-cells-polar_NMR_A": "",
                    "3_MDA231_13CGlc_shCTL_rep2-cells-polar_NMR_A": "76.64409274492753",
                    "4_MDA231_12CGlc_shP4HA1_rep1-cells-polar_NMR_A": "",
                    "6_MDA231_13CGlc_shP4HA1_rep2-cells-polar_NMR_A": "77.41699614200766"
                },
                {
                    "metabolite_name": "bGlc_1",
                    "5_MDA231_13CGlc_shP4HA1_rep1-cells-polar_NMR_A": "42.79045990972762",
                    "1_MDA231_12CGlc_shCTL_rep1-cells-polar_NMR_A": "",
                    "2_MDA231_13CGlc_shCTL_rep1-cells-polar_NMR_A": "",
                    "3_MDA231_13CGlc_shCTL_rep2-cells-polar_NMR_A": "",
                    "4_MDA231_12CGlc_shP4HA1_rep1-cells-polar_NMR_A": "",
                    "6_MDA231_13CGlc_shP4HA1_rep2-cells-polar_NMR_A": "44.98684059631825"
                },
                {
                    "metabolite_name": "m-Ins-1,3_1",
                    "5_MDA231_13CGlc_shP4HA1_rep1-cells-polar_NMR_A": "19.15630964257072",
                    "1_MDA231_12CGlc_shCTL_rep1-cells-polar_NMR_A": "",
                    "2_MDA231_13CGlc_shCTL_rep1-cells-polar_NMR_A": "",
                    "3_MDA231_13CGlc_shCTL_rep2-cells-polar_NMR_A": "",
                    "4_MDA231_12CGlc_shP4HA1_rep1-cells-polar_NMR_A": "",
                    "6_MDA231_13CGlc_shP4HA1_rep2-cells-polar_NMR_A": "21.41219781782232"
                }
            ]
        }
    },
    "METABOLITES": {
        "METABOLITES_START": {
            "Fields": [
                "metabolite_name",
                "base_inchi",
                "isotopic_inchi",
                "peak_description",
                "peak_pattern",
                "proton_count",
                "representative_inchi",
                "transient_peak"
            ],
            "DATA": [
                {
                    "resonance_assignment": "Ace-2_1",
                    "base_inchi": "InChI=1S/C2H4O2/c1-2(3)4/h1H3,(H,3,4)/p-1",
                    "isotopic_inchi": "InChI=1/C2H4O2/c1-2(3)4/h1H3,(H,3,4)/p-1/i1+1H3/fC2H3O2/q-1",
                    "peak_description": "[1H5,1H6,1H7:13C1]HResonance",
                    "peak_pattern": "",
                    "proton_count": "3",
                    "representative_inchi": "InChI=1S/C2H4O2/c1-2(3)4/h1H3,(H,3,4)/p-1",
                    "transient_peak": "1"
                },
                {
                    "resonance_assignment": "DSS_1",
                    "base_inchi": "InChI=1S/C6H16O3SSi/c1-11(2,3)6-4-5-10(7,8)9/h4-6H2,1-3H3,(H,7,8,9)/i4D2,5D2,6D2",
                    "isotopic_inchi": "InChI=1/C6H16O3SSi/c1-11(2,3)6-4-5-10(7,8)9/h4-6H2,1-3H3,(H,7,8,9)/p-1/i1+1H3,2+1H3,3+1H3,4D2,5D2,6D2/fC6H15O3SSi/q-1",
                    "peak_description": "[1H12,1H13,1H14:13C1+1H15,1H16,1H17:13C2+1H18,1H19,1H20:13C3]Hresonance",
                    "peak_pattern": "",
                    "proton_count": "9",
                    "representative_inchi": "InChI=1/C6H16O3SSi/c1-11(2,3)6-4-5-10(7,8)9/h4-6H2,1-3H3,(H,7,8,9)/p-1/i4D2,5D2,6D2/fC6H15O3SSi/q-1",
                    "transient_peak": "1"
                },
                {
                    "resonance_assignment": "GSH+GSSG-3_1",
                    "base_inchi": "InChI=1S/C10H17N3O6S/c11-5(10(18)19)1-2-7(14)13-6(4-20)9(17)12-3-8(15)16/h5-6,20H,1-4,11H2,(H,12,17)(H,13,14)(H,15,16)(H,18,19)/p-1/t5-,6-/m0/s1; InChI=1S/C20H32N6O12S2/c21-9(19(35)36)1-3-13(27)25-11(17(33)23-5-15(29)30)7-39-40-8-12(18(34)24-6-16(31)32)26-14(28)4-2-10(22)20(37)38/h9-12H,1-8,21-22H2,(H,23,33)(H,24,34)(H,25,27)(H,26,28)(H,29,30)(H,31,32)(H,35,36)(H,37,38)/p-2",
                    "isotopic_inchi": "InChI=1/C10H17N3O6S/c11-5(10(18)19)1-2-7(14)13-6(4-20)9(17)12-3-8(15)16/h5-6,20H,1-4,11H2,(H,12,17)(H,13,14)(H,15,16)(H,18,19)/p-1/t5-,6-/m0/s1/i1+1H2,2H2,5H/fC10H16N3O6S/h11-13H/q-1; InChI=1/C20H32N6O12S2/c21-9(19(35)36)1-3-13(27)25-11(17(33)23-5-15(29)30)7-39-40-8-12(18(34)24-6-16(31)32)26-14(28)4-2-10(22)20(37)38/h9-12H,1-8,21-22H2,(H,23,33)(H,24,34)(H,25,27)(H,26,28)(H,29,30)(H,31,32)(H,35,36)(H,37,38)/p-2/t9-,10-,11-,12-/m0/s1/i1+1H2,2+1H2,3H2,4H2,9H,10H/fC20H30N6O12S2/h21-22,27-28,33-34H/q-2",
                    "peak_description": "[1H21,1H22:13C1]HResonance + [1H21,1H22:1H23,1H24]J3HH + [1H21,1H22:1H29]J3HH; [1H41,1H42:13C1+1H43,1H44:13C2]HResonance + [1H41,1H42:1H45,1H46]J3HH + [1H41,1H42:1H57]J3HH + [1H43,1H44:1H47,1H48]J3HH + [1H43,1H44:1H58]J3HH",
                    "peak_pattern": "",
                    "proton_count": "2",
                    "representative_inchi": "InChI=1/C10H17N3O6S/c11-5(10(18)19)1-2-7(14)13-6(4-20)9(17)12-3-8(15)16/h5-6,20H,1-4,11H2,(H,12,17)(H,13,14)(H,15,16)(H,18,19)/p-1/t5-,6-/m0/s1/fC10H16N3O6S/h11-13H/q-1; InChI=1/C20H32N6O12S2/c21-9(19(35)36)1-3-13(27)25-11(17(33)23-5-15(29)30)7-39-40-8-12(18(34)24-6-16(31)32)26-14(28)4-2-10(22)20(37)38/h9-12H,1-8,21-22H2,(H,23,33)(H,24,34)(H,25,27)(H,26,28)(H,29,30)(H,31,32)(H,35,36)(H,37,38)/p-2/t9-,10-,11-,12-/m0/s1/fC20H30N6O12S2/h21-22,27-28,33-34H/q-2",
                    "transient_peak": "1"
                },
                {
                    "resonance_assignment": "GSH+GSSG-4_1",
                    "base_inchi": "InChI=1S/C10H17N3O6S/c11-5(10(18)19)1-2-7(14)13-6(4-20)9(17)12-3-8(15)16/h5-6,20H,1-4,11H2,(H,12,17)(H,13,14)(H,15,16)(H,18,19)/p-1/t5-,6-/m0/s1; InChI=1S/C20H32N6O12S2/c21-9(19(35)36)1-3-13(27)25-11(17(33)23-5-15(29)30)7-39-40-8-12(18(34)24-6-16(31)32)26-14(28)4-2-10(22)20(37)38/h9-12H,1-8,21-22H2,(H,23,33)(H,24,34)(H,25,27)(H,26,28)(H,29,30)(H,31,32)(H,35,36)(H,37,38)/p-2",
                    "isotopic_inchi": "InChI=1/C10H17N3O6S/c11-5(10(18)19)1-2-7(14)13-6(4-20)9(17)12-3-8(15)16/h5-6,20H,1-4,11H2,(H,12,17)(H,13,14)(H,15,16)(H,18,19)/p-1/t5-,6-/m0/s1/i1H2,2+1H2/fC10H16N3O6S/h11-13H/q-1; InChI=1/C20H32N6O12S2/c21-9(19(35)36)1-3-13(27)25-11(17(33)23-5-15(29)30)7-39-40-8-12(18(34)24-6-16(31)32)26-14(28)4-2-10(22)20(37)38/h9-12H,1-8,21-22H2,(H,23,33)(H,24,34)(H,25,27)(H,26,28)(H,29,30)(H,31,32)(H,35,36)(H,37,38)/p-2/t9-,10-,11-,12-/m0/s1/i1H2,2H2,3+1H2,4+1H2/fC20H30N6O12S2/h21-22,27-28,33-34H/q-2",
                    "peak_description": "[1H23,1H24:13C2]HResonance + [1H23:1H24]J2HH + [1H23,1H24:1H21,1H22]J3HH; [1H45,1H46:13C3+1H47,1H48:13C4]HResonance + [1H45:1H46]J2HH + [1H45,1H46:1H41,1H42]J3HH + [1H47:1H48]J2HH + [1H47,1H48:1H43,1H44]J3HH",
                    "peak_pattern": "",
                    "proton_count": "4",
                    "representative_inchi": "InChI=1/C10H17N3O6S/c11-5(10(18)19)1-2-7(14)13-6(4-20)9(17)12-3-8(15)16/h5-6,20H,1-4,11H2,(H,12,17)(H,13,14)(H,15,16)(H,18,19)/p-1/t5-,6-/m0/s1/fC10H16N3O6S/h11-13H/q-1; InChI=1/C20H32N6O12S2/c21-9(19(35)36)1-3-13(27)25-11(17(33)23-5-15(29)30)7-39-40-8-12(18(34)24-6-16(31)32)26-14(28)4-2-10(22)20(37)38/h9-12H,1-8,21-22H2,(H,23,33)(H,24,34)(H,25,27)(H,26,28)(H,29,30)(H,31,32)(H,35,36)(H,37,38)/p-2/t9-,10-,11-,12-/m0/s1/fC20H30N6O12S2/h21-22,27-28,33-34H/q-2",
                    "transient_peak": "1"
                },
                {
                    "resonance_assignment": "Gln+Glu-2_1",
                    "base_inchi": "InChI=1S/C5H10N2O3/c6-3(5(9)10)1-2-4(7)8/h3H,1-2,6H2,(H2,7,8)(H,9,10)/t3-/m0/s1; InChI=1S/C5H9NO4/c6-3(5(9)10)1-2-4(7)8/h3H,1-2,6H2,(H,7,8)(H,9,10)/t3-/m0/s1",
                    "isotopic_inchi": "InChI=1/C5H9NO4/c6-3(5(9)10)1-2-4(7)8/h3H,1-2,6H2,(H,7,8)(H,9,10)/p-1/t3-/m0/s1/i1H2,3+1H/fC5H8NO4/h6H/q-1; InChI=1/C5H9NO4/c6-3(5(9)10)1-2-4(7)8/h3H,1-2,6H2,(H,7,8)(H,9,10)/p-1/t3-/m0/s1/i1H2,3+1H/fC5H8NO4/h6H/q-1",
                    "peak_description": "[1H15:13C3]HResonance + [1H15:1H11,1H12]J3HH; [1H15:13C3]HResonance + [1H15:1H11,1H12]J3HH",
                    "peak_pattern": "",
                    "proton_count": "3",
                    "representative_inchi": "InChI=1/C5H10N2O3/c6-3(5(9)10)1-2-4(7)8/h3H,1-2,6H2,(H2,7,8)(H,9,10)/t3-/m0/s1/f/h6-8H/b7-4+; InChI=1/C5H9NO4/c6-3(5(9)10)1-2-4(7)8/h3H,1-2,6H2,(H,7,8)(H,9,10)/p-1/t3-/m0/s1/fC5H8NO4/h6H/q-1",
                    "transient_peak": "1"
                },
                {
                    "resonance_assignment": "Gln-3_1",
                    "base_inchi": "InChI=1S/C5H10N2O3/c6-3(5(9)10)1-2-4(7)8/h3H,1-2,6H2,(H2,7,8)(H,9,10)/t3-/m0/s1",
                    "isotopic_inchi": "InChI=1/C5H10N2O3/c6-3(5(9)10)1-2-4(7)8/h3H,1-2,6H2,(H2,7,8)(H,9,10)/t3-/m0/s1/i1+1H2,2H2,3H/f/h6-8H/b7-4+",
                    "peak_description": "[1H11,1H12:13C1]HResonance + [1H11,1H12:1H13,1H14]J3HH + [1H11,1H12:1H15]J3HH",
                    "peak_pattern": "",
                    "proton_count": "2",
                    "representative_inchi": "InChI=1/C5H10N2O3/c6-3(5(9)10)1-2-4(7)8/h3H,1-2,6H2,(H2,7,8)(H,9,10)/t3-/m0/s1/f/h6-8H/b7-4+",
                    "transient_peak": "1"
                },
                {
                    "resonance_assignment": "Glu-3-a_1",
                    "base_inchi": "InChI=1S/C5H9NO4/c6-3(5(9)10)1-2-4(7)8/h3H,1-2,6H2,(H,7,8)(H,9,10)/t3-/m0/s1",
                    "isotopic_inchi": "InChI=1/C5H9NO4/c6-3(5(9)10)1-2-4(7)8/h3H,1-2,6H2,(H,7,8)(H,9,10)/p-1/t3-/m0/s1/i1+1H2,2H2,3H/fC5H8NO4/h6H/q-1",
                    "peak_description": "[1H11,1H12:13C1]HResonance + [1H11:1H12]J2HH + [1H11,1H12:1H13,1H14]J3HH + [1H11,1H12:1H15]J3HH",
                    "peak_pattern": "",
                    "proton_count": "1",
                    "representative_inchi": "InChI=1/C5H9NO4/c6-3(5(9)10)1-2-4(7)8/h3H,1-2,6H2,(H,7,8)(H,9,10)/p-1/t3-/m0/s1/fC5H8NO4/h6H/q-1",
                    "transient_peak": "1"
                },
                {
                    "resonance_assignment": "Glu-3-a_2",
                    "base_inchi": "InChI=1S/C5H9NO4/c6-3(5(9)10)1-2-4(7)8/h3H,1-2,6H2,(H,7,8)(H,9,10)/t3-/m0/s1",
                    "isotopic_inchi": "InChI=1/C5H9NO4/c6-3(5(9)10)1-2-4(7)8/h3H,1-2,6H2,(H,7,8)(H,9,10)/p-1/t3-/m0/s1/i1+1H2,2H2,3H/fC5H8NO4/h6H/q-1",
                    "peak_description": "[1H11,1H12:13C1]HResonance + [1H11:1H12]J2HH + [1H11,1H12:1H13,1H14]J3HH + [1H11,1H12:1H15]J3HH",
                    "peak_pattern": "",
                    "proton_count": "1",
                    "representative_inchi": "InChI=1/C5H9NO4/c6-3(5(9)10)1-2-4(7)8/h3H,1-2,6H2,(H,7,8)(H,9,10)/p-1/t3-/m0/s1/fC5H8NO4/h6H/q-1",
                    "transient_peak": "2"
                },
                {
                    "resonance_assignment": "Glu-4_1",
                    "base_inchi": "InChI=1S/C5H9NO4/c6-3(5(9)10)1-2-4(7)8/h3H,1-2,6H2,(H,7,8)(H,9,10)/t3-/m0/s1",
                    "isotopic_inchi": "InChI=1/C5H9NO4/c6-3(5(9)10)1-2-4(7)8/h3H,1-2,6H2,(H,7,8)(H,9,10)/p-1/t3-/m0/s1/i1H2,2+1H2/fC5H8NO4/h6H/q-1",
                    "peak_description": "[1H13,1H14:13C2]HResonance + [1H13:1H14]J2HH + [1H13,1H14:1H11,1H12]J3HH",
                    "peak_pattern": "",
                    "proton_count": "2",
                    "representative_inchi": "InChI=1/C5H9NO4/c6-3(5(9)10)1-2-4(7)8/h3H,1-2,6H2,(H,7,8)(H,9,10)/p-1/t3-/m0/s1/fC5H8NO4/h6H/q-1",
                    "transient_peak": "1"
                },
                {
                    "resonance_assignment": "Gly_1",
                    "base_inchi": "InChI=1S/C2H5NO2/c3-1-2(4)5/h1,3H2,(H,4,5)",
                    "isotopic_inchi": "InChI=1/C2H5NO2/c3-1-2(4)5/h1,3H2,(H,4,5)/i1+1H2/f/h3H",
                    "peak_description": "[1H6,1H7:13C1]HResonance",
                    "peak_pattern": "",
                    "proton_count": "2",
                    "representative_inchi": "InChI=1/C2H5NO2/c3-1-2(4)5/h1,3H2,(H,4,5)/f/h3H",
                    "transient_peak": "1"
                },
                {
                    "resonance_assignment": "Lac-2_1",
                    "base_inchi": "InChI=1S/C3H6O3/c1-2(4)3(5)6/h2,4H,1H3,(H,5,6)/p-1",
                    "isotopic_inchi": "InChI=1/C3H6O3/c1-2(4)3(5)6/h2,4H,1H3,(H,5,6)/p-1/t2-/m0/s1/i1H3,2+1H/fC3H5O3/q-1",
                    "peak_description": "[1H10:13C2]HResonance + [1H10:1H7,1H8,1H9]J3HH",
                    "peak_pattern": "",
                    "proton_count": "1",
                    "representative_inchi": "InChI=1S/C3H6O3/c1-2(4)3(5)6/h2,4H,1H3,(H,5,6)/p-1",
                    "transient_peak": "1"
                },
                {
                    "resonance_assignment": "Lac-2_2",
                    "base_inchi": "InChI=1S/C3H6O3/c1-2(4)3(5)6/h2,4H,1H3,(H,5,6)/p-1",
                    "isotopic_inchi": "InChI=1/C3H6O3/c1-2(4)3(5)6/h2,4H,1H3,(H,5,6)/p-1/t2-/m0/s1/i1H3,2+1H/fC3H5O3/q-1",
                    "peak_description": "[1H10:13C2]HResonance + [1H10:1H7,1H8,1H9]J3HH",
                    "peak_pattern": "",
                    "proton_count": "1",
                    "representative_inchi": "InChI=1S/C3H6O3/c1-2(4)3(5)6/h2,4H,1H3,(H,5,6)/p-1",
                    "transient_peak": "2"
                },
                {
                    "resonance_assignment": "Lac-3_1",
                    "base_inchi": "InChI=1S/C3H6O3/c1-2(4)3(5)6/h2,4H,1H3,(H,5,6)/p-1",
                    "isotopic_inchi": "InChI=1/C3H6O3/c1-2(4)3(5)6/h2,4H,1H3,(H,5,6)/p-1/t2-/m0/s1/i1+1H3,2H/fC3H5O3/q-1",
                    "peak_description": "[1H7,1H8,1H9:13C1]HResonance + [1H7,1H8,1H9:1H10]J3HH",
                    "peak_pattern": "",
                    "proton_count": "3",
                    "representative_inchi": "InChI=1S/C3H6O3/c1-2(4)3(5)6/h2,4H,1H3,(H,5,6)/p-1",
                    "transient_peak": "1"
                },
                {
                    "resonance_assignment": "Lac-3_2",
                    "base_inchi": "InChI=1S/C3H6O3/c1-2(4)3(5)6/h2,4H,1H3,(H,5,6)/p-1",
                    "isotopic_inchi": "InChI=1/C3H6O3/c1-2(4)3(5)6/h2,4H,1H3,(H,5,6)/p-1/t2-/m0/s1/i1+1H3,2H/fC3H5O3/q-1",
                    "peak_description": "[1H7,1H8,1H9:13C1]HResonance + [1H7,1H8,1H9:1H10]J3HH",
                    "peak_pattern": "",
                    "proton_count": "3",
                    "representative_inchi": "InChI=1S/C3H6O3/c1-2(4)3(5)6/h2,4H,1H3,(H,5,6)/p-1",
                    "transient_peak": "2"
                },
                {
                    "resonance_assignment": "Met-CH3_1",
                    "base_inchi": "InChI=1S/C5H11NO2S/c1-9-3-2-4(6)5(7)8/h4H,2-3,6H2,1H3,(H,7,8)/t4-/m0/s1",
                    "isotopic_inchi": "InChI=1/C5H11NO2S/c1-9-3-2-4(6)5(7)8/h4H,2-3,6H2,1H3,(H,7,8)/t4-/m0/s1/i1+1H3/f/h6H",
                    "peak_description": "[1H10,1H11,1H12:13C1]HResonance",
                    "peak_pattern": "",
                    "proton_count": "3",
                    "representative_inchi": "InChI=1/C5H11NO2S/c1-9-3-2-4(6)5(7)8/h4H,2-3,6H2,1H3,(H,7,8)/t4-/m0/s1/f/h6H",
                    "transient_peak": "1"
                },
                {
                    "resonance_assignment": "NAD+-A1'_1",
                    "base_inchi": "InChI=1S/C21H27N7O14P2/c22-17-12-19(25-7-24-17)28(8-26-12)21-16(32)14(30)11(41-21)6-39-44(36,37)42-43(34,35)38-5-10-13(29)15(31)20(40-10)27-3-1-2-9(4-27)18(23)33/h1-4,7-8,10-11,13-16,20-21,29-32H,5-6H2,(H5-,22,23,24,25,33,34,35,36,37)/p+1/t10-,11-,13-,14-,15-,16-,20-,21-/m1/s1",
                    "isotopic_inchi": "InChI=1/C21H27N7O14P2/c22-17-12-19(25-7-24-17)28(8-26-12)21-16(32)14(30)11(41-21)6-39-44(36,37)42-43(34,35)38-5-10-13(29)15(31)20(40-10)27-3-1-2-9(4-27)18(23)33/h1-4,7-8,10-11,13-16,20-21,29-32H,5-6H2,(H5-,22,23,24,25,33,34,35,36,37)/p+1/t10-,11-,13-,14-,15-,16-,20-,21-/m1/s1/i16H,21+1H/fC21H28N7O14P2/h34,36H,22-23H2/q+1",
                    "peak_description": "[1H62:13C21]HResonance + [1H62:1H60]J3HH",
                    "peak_pattern": "",
                    "proton_count": "1",
                    "representative_inchi": "InChI=1/C21H27N7O14P2/c22-17-12-19(25-7-24-17)28(8-26-12)21-16(32)14(30)11(41-21)6-39-44(36,37)42-43(34,35)38-5-10-13(29)15(31)20(40-10)27-3-1-2-9(4-27)18(23)33/h1-4,7-8,10-11,13-16,20-21,29-32H,5-6H2,(H5-,22,23,24,25,33,34,35,36,37)/p+1/t10-,11-,13-,14-,15-,16-,20-,21-/m1/s1/fC21H28N7O14P2/h34,36H,22-23H2/q+1",
                    "transient_peak": "1"
                },
                {
                    "resonance_assignment": "NAD+-N1'_1",
                    "base_inchi": "InChI=1S/C21H27N7O14P2/c22-17-12-19(25-7-24-17)28(8-26-12)21-16(32)14(30)11(41-21)6-39-44(36,37)42-43(34,35)38-5-10-13(29)15(31)20(40-10)27-3-1-2-9(4-27)18(23)33/h1-4,7-8,10-11,13-16,20-21,29-32H,5-6H2,(H5-,22,23,24,25,33,34,35,36,37)/p+1/t10-,11-,13-,14-,15-,16-,20-,21-/m1/s1",
                    "isotopic_inchi": "InChI=1/C21H27N7O14P2/c22-17-12-19(25-7-24-17)28(8-26-12)21-16(32)14(30)11(41-21)6-39-44(36,37)42-43(34,35)38-5-10-13(29)15(31)20(40-10)27-3-1-2-9(4-27)18(23)33/h1-4,7-8,10-11,13-16,20-21,29-32H,5-6H2,(H5-,22,23,24,25,33,34,35,36,37)/p+1/t10-,11-,13-,14-,15-,16-,20-,21-/m1/s1/i15H,20+1H/fC21H28N7O14P2/h34,36H,22-23H2/q+1",
                    "peak_description": "[1H61:13C20]HResonance + [1H61:1H59]J3HH",
                    "peak_pattern": "",
                    "proton_count": "1",
                    "representative_inchi": "InChI=1/C21H27N7O14P2/c22-17-12-19(25-7-24-17)28(8-26-12)21-16(32)14(30)11(41-21)6-39-44(36,37)42-43(34,35)38-5-10-13(29)15(31)20(40-10)27-3-1-2-9(4-27)18(23)33/h1-4,7-8,10-11,13-16,20-21,29-32H,5-6H2,(H5-,22,23,24,25,33,34,35,36,37)/p+1/t10-,11-,13-,14-,15-,16-,20-,21-/m1/s1/fC21H28N7O14P2/h34,36H,22-23H2/q+1",
                    "transient_peak": "1"
                },
                {
                    "resonance_assignment": "NAD+-N1'_2",
                    "base_inchi": "InChI=1S/C21H27N7O14P2/c22-17-12-19(25-7-24-17)28(8-26-12)21-16(32)14(30)11(41-21)6-39-44(36,37)42-43(34,35)38-5-10-13(29)15(31)20(40-10)27-3-1-2-9(4-27)18(23)33/h1-4,7-8,10-11,13-16,20-21,29-32H,5-6H2,(H5-,22,23,24,25,33,34,35,36,37)/p+1/t10-,11-,13-,14-,15-,16-,20-,21-/m1/s1",
                    "isotopic_inchi": "InChI=1/C21H27N7O14P2/c22-17-12-19(25-7-24-17)28(8-26-12)21-16(32)14(30)11(41-21)6-39-44(36,37)42-43(34,35)38-5-10-13(29)15(31)20(40-10)27-3-1-2-9(4-27)18(23)33/h1-4,7-8,10-11,13-16,20-21,29-32H,5-6H2,(H5-,22,23,24,25,33,34,35,36,37)/p+1/t10-,11-,13-,14-,15-,16-,20-,21-/m1/s1/i15H,20+1H/fC21H28N7O14P2/h34,36H,22-23H2/q+1",
                    "peak_description": "[1H61:13C20]HResonance + [1H61:1H59]J3HH",
                    "peak_pattern": "",
                    "proton_count": "1",
                    "representative_inchi": "InChI=1/C21H27N7O14P2/c22-17-12-19(25-7-24-17)28(8-26-12)21-16(32)14(30)11(41-21)6-39-44(36,37)42-43(34,35)38-5-10-13(29)15(31)20(40-10)27-3-1-2-9(4-27)18(23)33/h1-4,7-8,10-11,13-16,20-21,29-32H,5-6H2,(H5-,22,23,24,25,33,34,35,36,37)/p+1/t10-,11-,13-,14-,15-,16-,20-,21-/m1/s1/fC21H28N7O14P2/h34,36H,22-23H2/q+1",
                    "transient_peak": "2"
                },
                {
                    "resonance_assignment": "P-Cho A_1",
                    "base_inchi": "InChI=1S/C5H14NO4P/c1-6(2,3)4-5-10-11(7,8)9/h4-5H2,1-3H3,(H-,7,8,9)/p-1",
                    "isotopic_inchi": "InChI=1/C5H14NO4P/c1-6(2,3)4-5-10-11(7,8)9/h4-5H2,1-3H3,(H-,7,8,9)/p-1/i1+1H3,2+1H3,3+1H3/fC5H13NO4P/q-1",
                    "peak_description": "[1H12,1H13,1H14:13C1+1H15,1H16,1H17:13C2+1H18,1H19,1H20:13C3]Hresonance",
                    "peak_pattern": "",
                    "proton_count": "9",
                    "representative_inchi": "InChI=1S/C5H14NO4P/c1-6(2,3)4-5-10-11(7,8)9/h4-5H2,1-3H3,(H-,7,8,9)/p-1",
                    "transient_peak": "1"
                },
                {
                    "resonance_assignment": "Tau-2 (NCH2)_1",
                    "base_inchi": "InChI=1S/C2H7NO3S/c3-1-2-7(4,5)6/h1-3H2,(H,4,5,6)",
                    "isotopic_inchi": "InChI=1/C2H7NO3S/c3-1-2-7(4,5)6/h1-3H2,(H,4,5,6)/i1+1H2,2H2/f/h3H",
                    "peak_description": "[1H8,1H9:13C1]HResonance + [1H8,1H9:1H10,1H11]J3HH",
                    "peak_pattern": "",
                    "proton_count": "2",
                    "representative_inchi": "InChI=1/C2H7NO3S/c3-1-2-7(4,5)6/h1-3H2,(H,4,5,6)/f/h3H",
                    "transient_peak": "1"
                },
                {
                    "resonance_assignment": "UXP-1'_1",
                    "base_inchi": "InChI=1S/C9H13N2O9P/c12-5-1-2-11(9(15)10-5)8-7(14)6(13)4(20-8)3-19-21(16,17)18/h1-2,4,6-8,13-14H,3H2,(H,10,12,15)(H2,16,17,18)/p-2/t4-,6-,7-,8-/m1/s1; InChI=1S/C9H14N2O12P2/c12-5-1-2-11(9(15)10-5)8-7(14)6(13)4(22-8)3-21-25(19,20)23-24(16,17)18/h1-2,4,6-8,13-14H,3H2,(H,19,20)(H,10,12,15)(H2,16,17,18)/p-2/t4-,6-,7-,8-/m1/s1; InChI=1S/C9H15N2O15P3/c12-5-1-2-11(9(15)10-5)8-7(14)6(13)4(24-8)3-23-28(19,20)26-29(21,22)25-27(16,17)18/h1-2,4,6-8,13-14H,3H2,(H,19,20)(H,21,22)(H,10,12,15)(H2,16,17,18)/p-4/t4-,6-,7-,8-/m1/s1",
                    "isotopic_inchi": "InChI=1/C9H13N2O9P/c12-5-1-2-11(9(15)10-5)8-7(14)6(13)4(20-8)3-19-21(16,17)18/h1-2,4,6-8,13-14H,3H2,(H,10,12,15)(H2,16,17,18)/p-2/t4-,6-,7-,8-/m1/s1/i7H,8+1H/fC9H11N2O9P/h10H/q-2; InChI=1/C9H14N2O12P2/c12-5-1-2-11(9(15)10-5)8-7(14)6(13)4(22-8)3-21-25(19,20)23-24(16,17)18/h1-2,4,6-8,13-14H,3H2,(H,19,20)(H,10,12,15)(H2,16,17,18)/p-3/t4-,6-,7-,8-/m1/s1/i7H,8+1H/fC9H11N2O12P2/h10H/q-3; InChI=1/C9H15N2O15P3/c12-5-1-2-11(9(15)10-5)8-7(14)6(13)4(24-8)3-23-28(19,20)26-29(21,22)25-27(16,17)18/h1-2,4,6-8,13-14H,3H2,(H,19,20)(H,21,22)(H,10,12,15)(H2,16,17,18)/p-4/t4-,6-,7-,8-/m1/s1/i7H,8+1H/fC9H11N2O15P3/h10H/q-4",
                    "peak_description": "[1H29:13C8]HResonance + [1H29:1H28]J3HH; [1H33:13C8]HResonance + [1H33:1H32]J3HH; [1H37:13C8]HResonance + [1H37:1H36]J3HH",
                    "peak_pattern": "",
                    "proton_count": "1",
                    "representative_inchi": "InChI=1/C9H13N2O9P/c12-5-1-2-11(9(15)10-5)8-7(14)6(13)4(20-8)3-19-21(16,17)18/h1-2,4,6-8,13-14H,3H2,(H,10,12,15)(H2,16,17,18)/p-2/t4-,6-,7-,8-/m1/s1/fC9H11N2O9P/h10H/q-2; InChI=1/C9H14N2O12P2/c12-5-1-2-11(9(15)10-5)8-7(14)6(13)4(22-8)3-21-25(19,20)23-24(16,17)18/h1-2,4,6-8,13-14H,3H2,(H,19,20)(H,10,12,15)(H2,16,17,18)/p-3/t4-,6-,7-,8-/m1/s1/fC9H11N2O12P2/h10H/q-3; InChI=1/C9H15N2O15P3/c12-5-1-2-11(9(15)10-5)8-7(14)6(13)4(24-8)3-23-28(19,20)26-29(21,22)25-27(16,17)18/h1-2,4,6-8,13-14H,3H2,(H,19,20)(H,21,22)(H,10,12,15)(H2,16,17,18)/p-4/t4-,6-,7-,8-/m1/s1/fC9H11N2O15P3/h10H/q-4",
                    "transient_peak": "1"
                },
                {
                    "resonance_assignment": "UXP-1'_2",
                    "base_inchi": "InChI=1S/C9H13N2O9P/c12-5-1-2-11(9(15)10-5)8-7(14)6(13)4(20-8)3-19-21(16,17)18/h1-2,4,6-8,13-14H,3H2,(H,10,12,15)(H2,16,17,18)/p-2/t4-,6-,7-,8-/m1/s1; InChI=1S/C9H14N2O12P2/c12-5-1-2-11(9(15)10-5)8-7(14)6(13)4(22-8)3-21-25(19,20)23-24(16,17)18/h1-2,4,6-8,13-14H,3H2,(H,19,20)(H,10,12,15)(H2,16,17,18)/p-2/t4-,6-,7-,8-/m1/s1; InChI=1S/C9H15N2O15P3/c12-5-1-2-11(9(15)10-5)8-7(14)6(13)4(24-8)3-23-28(19,20)26-29(21,22)25-27(16,17)18/h1-2,4,6-8,13-14H,3H2,(H,19,20)(H,21,22)(H,10,12,15)(H2,16,17,18)/p-4/t4-,6-,7-,8-/m1/s1",
                    "isotopic_inchi": "InChI=1/C9H13N2O9P/c12-5-1-2-11(9(15)10-5)8-7(14)6(13)4(20-8)3-19-21(16,17)18/h1-2,4,6-8,13-14H,3H2,(H,10,12,15)(H2,16,17,18)/p-2/t4-,6-,7-,8-/m1/s1/i7H,8+1H/fC9H11N2O9P/h10H/q-2; InChI=1/C9H14N2O12P2/c12-5-1-2-11(9(15)10-5)8-7(14)6(13)4(22-8)3-21-25(19,20)23-24(16,17)18/h1-2,4,6-8,13-14H,3H2,(H,19,20)(H,10,12,15)(H2,16,17,18)/p-3/t4-,6-,7-,8-/m1/s1/i7H,8+1H/fC9H11N2O12P2/h10H/q-3; InChI=1/C9H15N2O15P3/c12-5-1-2-11(9(15)10-5)8-7(14)6(13)4(24-8)3-23-28(19,20)26-29(21,22)25-27(16,17)18/h1-2,4,6-8,13-14H,3H2,(H,19,20)(H,21,22)(H,10,12,15)(H2,16,17,18)/p-4/t4-,6-,7-,8-/m1/s1/i7H,8+1H/fC9H11N2O15P3/h10H/q-4",
                    "peak_description": "[1H29:13C8]HResonance + [1H29:1H28]J3HH; [1H33:13C8]HResonance + [1H33:1H32]J3HH; [1H37:13C8]HResonance + [1H37:1H36]J3HH",
                    "peak_pattern": "",
                    "proton_count": "1",
                    "representative_inchi": "InChI=1/C9H13N2O9P/c12-5-1-2-11(9(15)10-5)8-7(14)6(13)4(20-8)3-19-21(16,17)18/h1-2,4,6-8,13-14H,3H2,(H,10,12,15)(H2,16,17,18)/p-2/t4-,6-,7-,8-/m1/s1/fC9H11N2O9P/h10H/q-2; InChI=1/C9H14N2O12P2/c12-5-1-2-11(9(15)10-5)8-7(14)6(13)4(22-8)3-21-25(19,20)23-24(16,17)18/h1-2,4,6-8,13-14H,3H2,(H,19,20)(H,10,12,15)(H2,16,17,18)/p-3/t4-,6-,7-,8-/m1/s1/fC9H11N2O12P2/h10H/q-3; InChI=1/C9H15N2O15P3/c12-5-1-2-11(9(15)10-5)8-7(14)6(13)4(24-8)3-23-28(19,20)26-29(21,22)25-27(16,17)18/h1-2,4,6-8,13-14H,3H2,(H,19,20)(H,21,22)(H,10,12,15)(H2,16,17,18)/p-4/t4-,6-,7-,8-/m1/s1/fC9H11N2O15P3/h10H/q-4",
                    "transient_peak": "2"
                },
                {
                    "resonance_assignment": "aGlc_1",
                    "base_inchi": "InChI=1S/C6H12O6/c7-1-2-3(8)4(9)5(10)6(11)12-2/h2-11H,1H2/t2-,3-,4+,5-,6+/m1/s1",
                    "isotopic_inchi": "InChI=1S/C6H12O6/c7-1-2-3(8)4(9)5(10)6(11)12-2/h2-11H,1H2/t2-,3-,4+,5-,6+/m1/s1/i5H,6+1H",
                    "peak_description": "[1H19:13C6]HResonance + [1H19:1H18]J3HH",
                    "peak_pattern": "",
                    "proton_count": "0.35",
                    "representative_inchi": "InChI=1S/C6H12O6/c7-1-2-3(8)4(9)5(10)6(11)12-2/h2-11H,1H2/t2-,3-,4+,5-,6+/m1/s1",
                    "transient_peak": "1"
                },
                {
                    "resonance_assignment": "bGlc_1",
                    "base_inchi": "InChI=1S/C6H12O6/c7-1-2-3(8)4(9)5(10)6(11)12-2/h2-11H,1H2/t2-,3-,4+,5-,6-/m1/s1",
                    "isotopic_inchi": "InChI=1S/C6H12O6/c7-1-2-3(8)4(9)5(10)6(11)12-2/h2-11H,1H2/t2-,3-,4+,5-,6-/m1/s1/i5H,6+1H",
                    "peak_description": "[1H19:13C6]HResonance + [1H19:1H18]J3HH",
                    "peak_pattern": "",
                    "proton_count": "0.65",
                    "representative_inchi": "InChI=1S/C6H12O6/c7-1-2-3(8)4(9)5(10)6(11)12-2/h2-11H,1H2/t2-,3-,4+,5-,6-/m1/s1",
                    "transient_peak": "1"
                },
                {
                    "resonance_assignment": "m-Ins-1,3_1",
                    "base_inchi": "InChI=1S/C6H12O6/c7-1-2(8)4(10)6(12)5(11)3(1)9/h1-12H/t1-,2-,3-,4+,5-,6-",
                    "isotopic_inchi": "InChI=1S/C6H12O6/c7-1-2(8)4(10)6(12)5(11)3(1)9/h1-12H/t1-,2-,3-,4+,5-,6-/i1H,2+1H,3+1H,4H,5H/t1-,2+,3-,4-,5+,6+",
                    "peak_description": "[1H13:13C1+1H17:13C5]HResonance + [1H13:1H14]J3HH + [1H13:1H15]J3HH + [1H17:1H15]J3HH + [1H17:1H18]J3HH",
                    "peak_pattern": "",
                    "proton_count": "2",
                    "representative_inchi": "InChI=1S/C6H12O6/c7-1-2(8)4(10)6(12)5(11)3(1)9/h1-12H/t1-,2-,3-,4+,5-,6-",
                    "transient_peak": "1"
                }
            ]
        }
    },
    "EXTENDED_METABOLITE_DATA": {
        "EXTENDED_METABOLITE_START": {
            "Fields": [
                "metabolite_name",
                "assignment_lower_bound",
                "assignment_upper_bound",
                "chemical_shift",
                "peak_height",
                "peak_width",
                "sample.id"
            ],
            "DATA": [
                {
                    "resonance_assignment": "Ace-2_1",
                    "assignment_lower_bound": "1.895",
                    "assignment_upper_bound": "1.915",
                    "chemical_shift": "1.897733800721856",
                    "peak_height": "0.5942255379718876",
                    "peak_width": "21.62348432207763",
                    "sample.id": "5_MDA231_13CGlc_shP4HA1_rep1-cells-polar_NMR_A"
                },
                {
                    "resonance_assignment": "DSS_1",
                    "assignment_lower_bound": "-0.02",
                    "assignment_upper_bound": "0.02",
                    "chemical_shift": "0.002043953699593195",
                    "peak_height": "0.9278077630341108",
                    "peak_width": "10.37093640558583",
                    "sample.id": "1_MDA231_12CGlc_shCTL_rep1-cells-polar_NMR_A"
                },
                {
                    "resonance_assignment": "DSS_1",
                    "assignment_lower_bound": "-0.02",
                    "assignment_upper_bound": "0.02",
                    "chemical_shift": "0.0003905176009417659",
                    "peak_height": "1.144573276322595",
                    "peak_width": "8.34462378087158",
                    "sample.id": "2_MDA231_13CGlc_shCTL_rep1-cells-polar_NMR_A"
                },
                {
                    "resonance_assignment": "DSS_1",
                    "assignment_lower_bound": "-0.02",
                    "assignment_upper_bound": "0.02",
                    "chemical_shift": "0.0006001793124983806",
                    "peak_height": "1.148606565829069",
                    "peak_width": "7.686768958407636",
                    "sample.id": "3_MDA231_13CGlc_shCTL_rep2-cells-polar_NMR_A"
                },
                {
                    "resonance_assignment": "DSS_1",
                    "assignment_lower_bound": "-0.02",
                    "assignment_upper_bound": "0.02",
                    "chemical_shift": "0.009765301233772424",
                    "peak_height": "0.570986673237031",
                    "peak_width": "9.096223252879767",
                    "sample.id": "4_MDA231_12CGlc_shP4HA1_rep1-cells-polar_NMR_A"
                },
                {
                    "resonance_assignment": "DSS_1",
                    "assignment_lower_bound": "-0.02",
                    "assignment_upper_bound": "0.02",
                    "chemical_shift": "-0.0006221594570668093",
                    "peak_height": "0.9608761422296584",
                    "peak_width": "8.143937482967742",
                    "sample.id": "5_MDA231_13CGlc_shP4HA1_rep1-cells-polar_NMR_A"
                },
                {
                    "resonance_assignment": "DSS_1",
                    "assignment_lower_bound": "-0.02",
                    "assignment_upper_bound": "0.02",
                    "chemical_shift": "-5.314641525116969e-05",
                    "peak_height": "1.068576285018225",
                    "peak_width": "7.741073497358842",
                    "sample.id": "6_MDA231_13CGlc_shP4HA1_rep2-cells-polar_NMR_A"
                },
                {
                    "resonance_assignment": "GSH+GSSG-3_1",
                    "assignment_lower_bound": "2.14",
                    "assignment_upper_bound": "2.17",
                    "chemical_shift": "2.147764529558303",
                    "peak_height": "0.9860061843720234",
                    "peak_width": "26.30825700432129",
                    "sample.id": "3_MDA231_13CGlc_shCTL_rep2-cells-polar_NMR_A"
                },
                {
                    "resonance_assignment": "GSH+GSSG-4_1",
                    "assignment_lower_bound": "2.49",
                    "assignment_upper_bound": "2.6",
                    "chemical_shift": "2.546365300356384",
                    "peak_height": "0.9645592846471661",
                    "peak_width": "30.05997533450878",
                    "sample.id": "2_MDA231_13CGlc_shCTL_rep1-cells-polar_NMR_A"
                },
                {
                    "resonance_assignment": "GSH+GSSG-4_1",
                    "assignment_lower_bound": "2.49",
                    "assignment_upper_bound": "2.6",
                    "chemical_shift": "2.545035893572392",
                    "peak_height": "0.9206836889060759",
                    "peak_width": "28.29012648895909",
                    "sample.id": "3_MDA231_13CGlc_shCTL_rep2-cells-polar_NMR_A"
                },
                {
                    "resonance_assignment": "GSH+GSSG-4_1",
                    "assignment_lower_bound": "2.49",
                    "assignment_upper_bound": "2.6",
                    "chemical_shift": "2.543251343576083",
                    "peak_height": "0.8047154841653833",
                    "peak_width": "33.60906304443667",
                    "sample.id": "5_MDA231_13CGlc_shP4HA1_rep1-cells-polar_NMR_A"
                },
                {
                    "resonance_assignment": "GSH+GSSG-4_1",
                    "assignment_lower_bound": "2.49",
                    "assignment_upper_bound": "2.6",
                    "chemical_shift": "2.541127429715894",
                    "peak_height": "0.7584661728918871",
                    "peak_width": "25.78267993355361",
                    "sample.id": "6_MDA231_13CGlc_shP4HA1_rep2-cells-polar_NMR_A"
                },
                {
                    "resonance_assignment": "Gln+Glu-2_1",
                    "assignment_lower_bound": "3.73",
                    "assignment_upper_bound": "3.81",
                    "chemical_shift": "3.780663283265615",
                    "peak_height": "1.853156903039808",
                    "peak_width": "45.18684745320094",
                    "sample.id": "2_MDA231_13CGlc_shCTL_rep1-cells-polar_NMR_A"
                },
                {
                    "resonance_assignment": "Gln+Glu-2_1",
                    "assignment_lower_bound": "3.73",
                    "assignment_upper_bound": "3.81",
                    "chemical_shift": "3.776845784075195",
                    "peak_height": "2.197719135241047",
                    "peak_width": "61.88713114010042",
                    "sample.id": "3_MDA231_13CGlc_shCTL_rep2-cells-polar_NMR_A"
                },
                {
                    "resonance_assignment": "Gln+Glu-2_1",
                    "assignment_lower_bound": "3.73",
                    "assignment_upper_bound": "3.81",
                    "chemical_shift": "3.757720021742028",
                    "peak_height": "3.096239673837752",
                    "peak_width": "92.80582674196347",
                    "sample.id": "5_MDA231_13CGlc_shP4HA1_rep1-cells-polar_NMR_A"
                },
                {
                    "resonance_assignment": "Gln+Glu-2_1",
                    "assignment_lower_bound": "3.73",
                    "assignment_upper_bound": "3.81",
                    "chemical_shift": "3.769626508194456",
                    "peak_height": "2.824481910478116",
                    "peak_width": "92.23294717825156",
                    "sample.id": "6_MDA231_13CGlc_shP4HA1_rep2-cells-polar_NMR_A"
                },
                {
                    "resonance_assignment": "Gln-3_1",
                    "assignment_lower_bound": "2.125",
                    "assignment_upper_bound": "2.145",
                    "chemical_shift": "2.144401545453678",
                    "peak_height": "0.962007422683203",
                    "peak_width": "36.72090925604306",
                    "sample.id": "2_MDA231_13CGlc_shCTL_rep1-cells-polar_NMR_A"
                },
                {
                    "resonance_assignment": "Glu-3-a_1",
                    "assignment_lower_bound": "2.01",
                    "assignment_upper_bound": "2.08",
                    "chemical_shift": "2.022743426801214",
                    "peak_height": "0.5583939530098653",
                    "peak_width": "9.056767439425725",
                    "sample.id": "2_MDA231_13CGlc_shCTL_rep1-cells-polar_NMR_A"
                },
                {
                    "resonance_assignment": "Glu-3-a_1",
                    "assignment_lower_bound": "2.01",
                    "assignment_upper_bound": "2.08",
                    "chemical_shift": "2.022976462356413",
                    "peak_height": "0.6234234464311601",
                    "peak_width": "10.31354325285291",
                    "sample.id": "3_MDA231_13CGlc_shCTL_rep2-cells-polar_NMR_A"
                },
                {
                    "resonance_assignment": "Glu-3-a_1",
                    "assignment_lower_bound": "2.01",
                    "assignment_upper_bound": "2.08",
                    "chemical_shift": "2.022138414410763",
                    "peak_height": "1.021615246344252",
                    "peak_width": "11.71757445369996",
                    "sample.id": "5_MDA231_13CGlc_shP4HA1_rep1-cells-polar_NMR_A"
                },
                {
                    "resonance_assignment": "Glu-3-a_1",
                    "assignment_lower_bound": "2.01",
                    "assignment_upper_bound": "2.08",
                    "chemical_shift": "2.044761818568685",
                    "peak_height": "1.922642155415488",
                    "peak_width": "43.56573966926504",
                    "sample.id": "6_MDA231_13CGlc_shP4HA1_rep2-cells-polar_NMR_A"
                },
                {
                    "resonance_assignment": "Glu-3-a_2",
                    "assignment_lower_bound": "2.01",
                    "assignment_upper_bound": "2.08",
                    "chemical_shift": "2.056534180939448",
                    "peak_height": "1.15189499581557",
                    "peak_width": "31.27273660294539",
                    "sample.id": "2_MDA231_13CGlc_shCTL_rep1-cells-polar_NMR_A"
                },
                {
                    "resonance_assignment": "Glu-3-a_2",
                    "assignment_lower_bound": "2.01",
                    "assignment_upper_bound": "2.08",
                    "chemical_shift": "2.05553451488444",
                    "peak_height": "1.492823249772128",
                    "peak_width": "29.9148648204557",
                    "sample.id": "3_MDA231_13CGlc_shCTL_rep2-cells-polar_NMR_A"
                },
                {
                    "resonance_assignment": "Glu-3-a_2",
                    "assignment_lower_bound": "2.01",
                    "assignment_upper_bound": "2.08",
                    "chemical_shift": "2.052223057996923",
                    "peak_height": "2.134233896461543",
                    "peak_width": "30.75483145869757",
                    "sample.id": "5_MDA231_13CGlc_shP4HA1_rep1-cells-polar_NMR_A"
                },
                {
                    "resonance_assignment": "Glu-4_1",
                    "assignment_lower_bound": "2.315",
                    "assignment_upper_bound": "2.37",
                    "chemical_shift": "2.340323943007572",
                    "peak_height": "2.266469476313928",
                    "peak_width": "23.04837207847741",
                    "sample.id": "2_MDA231_13CGlc_shCTL_rep1-cells-polar_NMR_A"
                },
                {
                    "resonance_assignment": "Glu-4_1",
                    "assignment_lower_bound": "2.315",
                    "assignment_upper_bound": "2.37",
                    "chemical_shift": "2.340124037889435",
                    "peak_height": "2.544302373026793",
                    "peak_width": "21.94487740414987",
                    "sample.id": "3_MDA231_13CGlc_shCTL_rep2-cells-polar_NMR_A"
                },
                {
                    "resonance_assignment": "Glu-4_1",
                    "assignment_lower_bound": "2.315",
                    "assignment_upper_bound": "2.37",
                    "chemical_shift": "2.336856456170358",
                    "peak_height": "4.254937982375278",
                    "peak_width": "22.86732320509432",
                    "sample.id": "5_MDA231_13CGlc_shP4HA1_rep1-cells-polar_NMR_A"
                },
                {
                    "resonance_assignment": "Glu-4_1",
                    "assignment_lower_bound": "2.315",
                    "assignment_upper_bound": "2.37",
                    "chemical_shift": "2.336496392360242",
                    "peak_height": "3.612943608518003",
                    "peak_width": "23.37311527762516",
                    "sample.id": "6_MDA231_13CGlc_shP4HA1_rep2-cells-polar_NMR_A"
                },
                {
                    "resonance_assignment": "Gly_1",
                    "assignment_lower_bound": "3.54",
                    "assignment_upper_bound": "3.56",
                    "chemical_shift": "3.548499057472823",
                    "peak_height": "0.5205497405776258",
                    "peak_width": "11.57547342019902",
                    "sample.id": "2_MDA231_13CGlc_shCTL_rep1-cells-polar_NMR_A"
                },
                {
                    "resonance_assignment": "Gly_1",
                    "assignment_lower_bound": "3.54",
                    "assignment_upper_bound": "3.56",
                    "chemical_shift": "3.550495672689084",
                    "peak_height": "0.6082116731529223",
                    "peak_width": "9.779279268788828",
                    "sample.id": "3_MDA231_13CGlc_shCTL_rep2-cells-polar_NMR_A"
                },
                {
                    "resonance_assignment": "Lac-2_1",
                    "assignment_lower_bound": "4.08",
                    "assignment_upper_bound": "4.13",
                    "chemical_shift": "4.106718498631911",
                    "peak_height": "2.163606805290667",
                    "peak_width": "21.16162302486187",
                    "sample.id": "2_MDA231_13CGlc_shCTL_rep1-cells-polar_NMR_A"
                },
                {
                    "resonance_assignment": "Lac-2_1",
                    "assignment_lower_bound": "4.08",
                    "assignment_upper_bound": "4.13",
                    "chemical_shift": "4.09947377006086",
                    "peak_height": "1.120735113343195",
                    "peak_width": "11.08911296420546",
                    "sample.id": "3_MDA231_13CGlc_shCTL_rep2-cells-polar_NMR_A"
                },
                {
                    "resonance_assignment": "Lac-2_1",
                    "assignment_lower_bound": "4.08",
                    "assignment_upper_bound": "4.13",
                    "chemical_shift": "4.10341595264267",
                    "peak_height": "3.27679072078512",
                    "peak_width": "20.89916431914167",
                    "sample.id": "5_MDA231_13CGlc_shP4HA1_rep1-cells-polar_NMR_A"
                },
                {
                    "resonance_assignment": "Lac-2_1",
                    "assignment_lower_bound": "4.08",
                    "assignment_upper_bound": "4.13",
                    "chemical_shift": "4.103923315339912",
                    "peak_height": "2.653289133611573",
                    "peak_width": "21.39849095974346",
                    "sample.id": "6_MDA231_13CGlc_shP4HA1_rep2-cells-polar_NMR_A"
                },
                {
                    "resonance_assignment": "Lac-2_2",
                    "assignment_lower_bound": "4.08",
                    "assignment_upper_bound": "4.13",
                    "chemical_shift": "4.112013857836725",
                    "peak_height": "1.857467662618968",
                    "peak_width": "16.14629726699528",
                    "sample.id": "3_MDA231_13CGlc_shCTL_rep2-cells-polar_NMR_A"
                },
                {
                    "resonance_assignment": "Lac-3_1",
                    "assignment_lower_bound": "1.3",
                    "assignment_upper_bound": "1.34",
                    "chemical_shift": "1.326245504138115",
                    "peak_height": "0.547444338960239",
                    "peak_width": "11.93471225048106",
                    "sample.id": "1_MDA231_12CGlc_shCTL_rep1-cells-polar_NMR_A"
                },
                {
                    "resonance_assignment": "Lac-3_1",
                    "assignment_lower_bound": "1.3",
                    "assignment_upper_bound": "1.34",
                    "chemical_shift": "1.313965535114204",
                    "peak_height": "15.68677809740253",
                    "peak_width": "9.182835385528987",
                    "sample.id": "2_MDA231_13CGlc_shCTL_rep1-cells-polar_NMR_A"
                },
                {
                    "resonance_assignment": "Lac-3_1",
                    "assignment_lower_bound": "1.3",
                    "assignment_upper_bound": "1.34",
                    "chemical_shift": "1.314232609052623",
                    "peak_height": "17.40592890064323",
                    "peak_width": "8.958850195195149",
                    "sample.id": "3_MDA231_13CGlc_shCTL_rep2-cells-polar_NMR_A"
                },
                {
                    "resonance_assignment": "Lac-3_1",
                    "assignment_lower_bound": "1.3",
                    "assignment_upper_bound": "1.34",
                    "chemical_shift": "1.334120321347048",
                    "peak_height": "0.5954279420864441",
                    "peak_width": "11.36982235601693",
                    "sample.id": "4_MDA231_12CGlc_shP4HA1_rep1-cells-polar_NMR_A"
                },
                {
                    "resonance_assignment": "Lac-3_1",
                    "assignment_lower_bound": "1.3",
                    "assignment_upper_bound": "1.34",
                    "chemical_shift": "1.312746905521802",
                    "peak_height": "28.91771412306581",
                    "peak_width": "10.36008702704532",
                    "sample.id": "5_MDA231_13CGlc_shP4HA1_rep1-cells-polar_NMR_A"
                },
                {
                    "resonance_assignment": "Lac-3_1",
                    "assignment_lower_bound": "1.3",
                    "assignment_upper_bound": "1.34",
                    "chemical_shift": "1.312977725685786",
                    "peak_height": "23.69896874964661",
                    "peak_width": "9.981255487536519",
                    "sample.id": "6_MDA231_13CGlc_shP4HA1_rep2-cells-polar_NMR_A"
                },
                {
                    "resonance_assignment": "Lac-3_2",
                    "assignment_lower_bound": "1.3",
                    "assignment_upper_bound": "1.34",
                    "chemical_shift": "1.325424831213387",
                    "peak_height": "15.14325108976835",
                    "peak_width": "8.910343723706067",
                    "sample.id": "2_MDA231_13CGlc_shCTL_rep1-cells-polar_NMR_A"
                },
                {
                    "resonance_assignment": "Lac-3_2",
                    "assignment_lower_bound": "1.3",
                    "assignment_upper_bound": "1.34",
                    "chemical_shift": "1.325600743359895",
                    "peak_height": "17.59930827681141",
                    "peak_width": "9.29168989184122",
                    "sample.id": "3_MDA231_13CGlc_shCTL_rep2-cells-polar_NMR_A"
                },
                {
                    "resonance_assignment": "Lac-3_2",
                    "assignment_lower_bound": "1.3",
                    "assignment_upper_bound": "1.34",
                    "chemical_shift": "1.324343835992336",
                    "peak_height": "20.74017940045956",
                    "peak_width": "8.289937965895163",
                    "sample.id": "5_MDA231_13CGlc_shP4HA1_rep1-cells-polar_NMR_A"
                },
                {
                    "resonance_assignment": "Lac-3_2",
                    "assignment_lower_bound": "1.3",
                    "assignment_upper_bound": "1.34",
                    "chemical_shift": "1.32455886533164",
                    "peak_height": "18.08385342288697",
                    "peak_width": "8.547383349597022",
                    "sample.id": "6_MDA231_13CGlc_shP4HA1_rep2-cells-polar_NMR_A"
                },
                {
                    "resonance_assignment": "Met-CH3_1",
                    "assignment_lower_bound": "2.117",
                    "assignment_upper_bound": "2.13",
                    "chemical_shift": "2.12874574131295",
                    "peak_height": "1.442544497775081",
                    "peak_width": "46.70212569235802",
                    "sample.id": "5_MDA231_13CGlc_shP4HA1_rep1-cells-polar_NMR_A"
                },
                {
                    "resonance_assignment": "Met-CH3_1",
                    "assignment_lower_bound": "2.117",
                    "assignment_upper_bound": "2.13",
                    "chemical_shift": "2.129433125741524",
                    "peak_height": "1.366246193788737",
                    "peak_width": "34.55597062965757",
                    "sample.id": "6_MDA231_13CGlc_shP4HA1_rep2-cells-polar_NMR_A"
                },
                {
                    "resonance_assignment": "NAD+-A1'_1",
                    "assignment_lower_bound": "6.01",
                    "assignment_upper_bound": "6.045",
                    "chemical_shift": "6.019697006904158",
                    "peak_height": "0.385166107596486",
                    "peak_width": "19.83547573067829",
                    "sample.id": "2_MDA231_13CGlc_shCTL_rep1-cells-polar_NMR_A"
                },
                {
                    "resonance_assignment": "NAD+-A1'_1",
                    "assignment_lower_bound": "6.01",
                    "assignment_upper_bound": "6.045",
                    "chemical_shift": "6.019697006904158",
                    "peak_height": "0.385166107596486",
                    "peak_width": "19.83547573067829",
                    "sample.id": "3_MDA231_13CGlc_shCTL_rep2-cells-polar_NMR_A"
                },
                {
                    "resonance_assignment": "NAD+-A1'_1",
                    "assignment_lower_bound": "6.01",
                    "assignment_upper_bound": "6.045",
                    "chemical_shift": "6.019697006904158",
                    "peak_height": "0.385166107596486",
                    "peak_width": "19.83547573067829",
                    "sample.id": "4_MDA231_12CGlc_shP4HA1_rep1-cells-polar_NMR_A"
                },
                {
                    "resonance_assignment": "NAD+-A1'_1",
                    "assignment_lower_bound": "6.01",
                    "assignment_upper_bound": "6.045",
                    "chemical_shift": "6.019697006904158",
                    "peak_height": "0.385166107596486",
                    "peak_width": "19.83547573067829",
                    "sample.id": "5_MDA231_13CGlc_shP4HA1_rep1-cells-polar_NMR_A"
                },
                {
                    "resonance_assignment": "NAD+-A1'_1",
                    "assignment_lower_bound": "6.01",
                    "assignment_upper_bound": "6.045",
                    "chemical_shift": "6.019697006904158",
                    "peak_height": "0.385166107596486",
                    "peak_width": "19.83547573067829",
                    "sample.id": "6_MDA231_13CGlc_shP4HA1_rep2-cells-polar_NMR_A"
                },
                {
                    "resonance_assignment": "NAD+-N1'_1",
                    "assignment_lower_bound": "6.055",
                    "assignment_upper_bound": "6.085",
                    "chemical_shift": "6.063258626365705",
                    "peak_height": "0.5064684173969762",
                    "peak_width": "15.89331347337217",
                    "sample.id": "2_MDA231_13CGlc_shCTL_rep1-cells-polar_NMR_A"
                },
                {
                    "resonance_assignment": "NAD+-N1'_1",
                    "assignment_lower_bound": "6.055",
                    "assignment_upper_bound": "6.085",
                    "chemical_shift": "6.063258626365705",
                    "peak_height": "0.5064684173969762",
                    "peak_width": "15.89331347337217",
                    "sample.id": "3_MDA231_13CGlc_shCTL_rep2-cells-polar_NMR_A"
                },
                {
                    "resonance_assignment": "NAD+-N1'_1",
                    "assignment_lower_bound": "6.055",
                    "assignment_upper_bound": "6.085",
                    "chemical_shift": "6.063258626365705",
                    "peak_height": "0.5064684173969762",
                    "peak_width": "15.89331347337217",
                    "sample.id": "4_MDA231_12CGlc_shP4HA1_rep1-cells-polar_NMR_A"
                },
                {
                    "resonance_assignment": "NAD+-N1'_1",
                    "assignment_lower_bound": "6.055",
                    "assignment_upper_bound": "6.085",
                    "chemical_shift": "6.063258626365705",
                    "peak_height": "0.5064684173969762",
                    "peak_width": "15.89331347337217",
                    "sample.id": "5_MDA231_13CGlc_shP4HA1_rep1-cells-polar_NMR_A"
                },
                {
                    "resonance_assignment": "NAD+-N1'_1",
                    "assignment_lower_bound": "6.055",
                    "assignment_upper_bound": "6.085",
                    "chemical_shift": "6.063258626365705",
                    "peak_height": "0.5064684173969762",
                    "peak_width": "15.89331347337217",
                    "sample.id": "6_MDA231_13CGlc_shP4HA1_rep2-cells-polar_NMR_A"
                },
                {
                    "resonance_assignment": "NAD+-N1'_2",
                    "assignment_lower_bound": "6.055",
                    "assignment_upper_bound": "6.085",
                    "chemical_shift": "6.069452341102619",
                    "peak_height": "0.5164038164976877",
                    "peak_width": "11.80097644350045",
                    "sample.id": "3_MDA231_13CGlc_shCTL_rep2-cells-polar_NMR_A"
                },
                {
                    "resonance_assignment": "NAD+-N1'_2",
                    "assignment_lower_bound": "6.055",
                    "assignment_upper_bound": "6.085",
                    "chemical_shift": "6.063475825227568",
                    "peak_height": "0.6300217092212421",
                    "peak_width": "14.07855629138438",
                    "sample.id": "5_MDA231_13CGlc_shP4HA1_rep1-cells-polar_NMR_A"
                },
                {
                    "resonance_assignment": "P-Cho A_1",
                    "assignment_lower_bound": "3.205",
                    "assignment_upper_bound": "3.22",
                    "chemical_shift": "3.215127109694755",
                    "peak_height": "2.957557667221419",
                    "peak_width": "8.946306404944336",
                    "sample.id": "1_MDA231_12CGlc_shCTL_rep1-cells-polar_NMR_A"
                },
                {
                    "resonance_assignment": "P-Cho A_1",
                    "assignment_lower_bound": "3.205",
                    "assignment_upper_bound": "3.22",
                    "chemical_shift": "3.213394928052268",
                    "peak_height": "3.106080038336954",
                    "peak_width": "7.81996339103459",
                    "sample.id": "2_MDA231_13CGlc_shCTL_rep1-cells-polar_NMR_A"
                },
                {
                    "resonance_assignment": "P-Cho A_1",
                    "assignment_lower_bound": "3.205",
                    "assignment_upper_bound": "3.22",
                    "chemical_shift": "3.213982549477163",
                    "peak_height": "3.541517771148109",
                    "peak_width": "8.082006969294731",
                    "sample.id": "3_MDA231_13CGlc_shCTL_rep2-cells-polar_NMR_A"
                },
                {
                    "resonance_assignment": "P-Cho A_1",
                    "assignment_lower_bound": "3.205",
                    "assignment_upper_bound": "3.22",
                    "chemical_shift": "3.212642334183994",
                    "peak_height": "3.758371754266292",
                    "peak_width": "8.330948051368408",
                    "sample.id": "5_MDA231_13CGlc_shP4HA1_rep1-cells-polar_NMR_A"
                },
                {
                    "resonance_assignment": "P-Cho A_1",
                    "assignment_lower_bound": "3.205",
                    "assignment_upper_bound": "3.22",
                    "chemical_shift": "3.212862633661016",
                    "peak_height": "3.366293123182097",
                    "peak_width": "8.744023487242831",
                    "sample.id": "6_MDA231_13CGlc_shP4HA1_rep2-cells-polar_NMR_A"
                },
                {
                    "resonance_assignment": "Tau-2 (NCH2)_1",
                    "assignment_lower_bound": "3.39",
                    "assignment_upper_bound": "3.435",
                    "chemical_shift": "3.401130317314678",
                    "peak_height": "0.6696064635969838",
                    "peak_width": "20.88627782764747",
                    "sample.id": "3_MDA231_13CGlc_shCTL_rep2-cells-polar_NMR_A"
                },
                {
                    "resonance_assignment": "Tau-2 (NCH2)_1",
                    "assignment_lower_bound": "3.39",
                    "assignment_upper_bound": "3.435",
                    "chemical_shift": "3.397573510833145",
                    "peak_height": "0.8761414315087417",
                    "peak_width": "26.35080700524453",
                    "sample.id": "5_MDA231_13CGlc_shP4HA1_rep1-cells-polar_NMR_A"
                },
                {
                    "resonance_assignment": "UXP-1'_1",
                    "assignment_lower_bound": "5.97",
                    "assignment_upper_bound": "5.99",
                    "chemical_shift": "5.981536052580895",
                    "peak_height": "0.5650257394702872",
                    "peak_width": "15.99236176056177",
                    "sample.id": "2_MDA231_13CGlc_shCTL_rep1-cells-polar_NMR_A"
                },
                {
                    "resonance_assignment": "UXP-1'_1",
                    "assignment_lower_bound": "5.97",
                    "assignment_upper_bound": "5.99",
                    "chemical_shift": "5.981536052580895",
                    "peak_height": "0.5650257394702872",
                    "peak_width": "15.99236176056177",
                    "sample.id": "3_MDA231_13CGlc_shCTL_rep2-cells-polar_NMR_A"
                },
                {
                    "resonance_assignment": "UXP-1'_1",
                    "assignment_lower_bound": "5.97",
                    "assignment_upper_bound": "5.99",
                    "chemical_shift": "5.981536052580895",
                    "peak_height": "0.5650257394702872",
                    "peak_width": "15.99236176056177",
                    "sample.id": "4_MDA231_12CGlc_shP4HA1_rep1-cells-polar_NMR_A"
                },
                {
                    "resonance_assignment": "UXP-1'_1",
                    "assignment_lower_bound": "5.97",
                    "assignment_upper_bound": "5.99",
                    "chemical_shift": "5.97892903486384",
                    "peak_height": "0.7465455570975545",
                    "peak_width": "16.34536677783275",
                    "sample.id": "5_MDA231_13CGlc_shP4HA1_rep1-cells-polar_NMR_A"
                },
                {
                    "resonance_assignment": "UXP-1'_1",
                    "assignment_lower_bound": "5.97",
                    "assignment_upper_bound": "5.99",
                    "chemical_shift": "5.979919485091058",
                    "peak_height": "0.550023352866831",
                    "peak_width": "22.95136971246357",
                    "sample.id": "6_MDA231_13CGlc_shP4HA1_rep2-cells-polar_NMR_A"
                },
                {
                    "resonance_assignment": "UXP-1'_2",
                    "assignment_lower_bound": "5.97",
                    "assignment_upper_bound": "5.99",
                    "chemical_shift": "5.982112636425784",
                    "peak_height": "0.5930752161973668",
                    "peak_width": "14.12305811681454",
                    "sample.id": "3_MDA231_13CGlc_shCTL_rep2-cells-polar_NMR_A"
                },
                {
                    "resonance_assignment": "UXP-1'_2",
                    "assignment_lower_bound": "5.97",
                    "assignment_upper_bound": "5.99",
                    "chemical_shift": "5.981536052580895",
                    "peak_height": "0.5650257394702872",
                    "peak_width": "15.99236176056177",
                    "sample.id": "5_MDA231_13CGlc_shP4HA1_rep1-cells-polar_NMR_A"
                },
                {
                    "resonance_assignment": "UXP-1'_2",
                    "assignment_lower_bound": "5.97",
                    "assignment_upper_bound": "5.99",
                    "chemical_shift": "5.981536052580895",
                    "peak_height": "0.5650257394702872",
                    "peak_width": "15.99236176056177",
                    "sample.id": "6_MDA231_13CGlc_shP4HA1_rep2-cells-polar_NMR_A"
                },
                {
                    "resonance_assignment": "aGlc_1",
                    "assignment_lower_bound": "5.205",
                    "assignment_upper_bound": "5.235",
                    "chemical_shift": "5.221897456100232",
                    "peak_height": "0.6311670989486816",
                    "peak_width": "12.37322765264786",
                    "sample.id": "3_MDA231_13CGlc_shCTL_rep2-cells-polar_NMR_A"
                },
                {
                    "resonance_assignment": "aGlc_1",
                    "assignment_lower_bound": "5.205",
                    "assignment_upper_bound": "5.235",
                    "chemical_shift": "5.222329839202418",
                    "peak_height": "0.905238510111785",
                    "peak_width": "9.647874733464551",
                    "sample.id": "6_MDA231_13CGlc_shP4HA1_rep2-cells-polar_NMR_A"
                },
                {
                    "resonance_assignment": "bGlc_1",
                    "assignment_lower_bound": "4.625",
                    "assignment_upper_bound": "4.655",
                    "chemical_shift": "4.629669313345012",
                    "peak_height": "0.6318746555111987",
                    "peak_width": "12.62542352386661",
                    "sample.id": "5_MDA231_13CGlc_shP4HA1_rep1-cells-polar_NMR_A"
                },
                {
                    "resonance_assignment": "bGlc_1",
                    "assignment_lower_bound": "4.625",
                    "assignment_upper_bound": "4.655",
                    "chemical_shift": "4.642097170908457",
                    "peak_height": "0.7114835260218839",
                    "peak_width": "11.6909284975687",
                    "sample.id": "6_MDA231_13CGlc_shP4HA1_rep2-cells-polar_NMR_A"
                },
                {
                    "resonance_assignment": "m-Ins-1,3_1",
                    "assignment_lower_bound": "3.505",
                    "assignment_upper_bound": "3.5395",
                    "chemical_shift": "3.532040098432415",
                    "peak_height": "0.8905432700386702",
                    "peak_width": "12.04969205037292",
                    "sample.id": "5_MDA231_13CGlc_shP4HA1_rep1-cells-polar_NMR_A"
                },
                {
                    "resonance_assignment": "m-Ins-1,3_1",
                    "assignment_lower_bound": "3.505",
                    "assignment_upper_bound": "3.5395",
                    "chemical_shift": "3.532638843741517",
                    "peak_height": "0.8503776393790659",
                    "peak_width": "13.69041610089256",
                    "sample.id": "6_MDA231_13CGlc_shP4HA1_rep2-cells-polar_NMR_A"
                }
            ]
        }
    }
}